{
  "bc": {
    "policy_acc": 0.7322360953461975
  },
  "airl_k1": {
    "cos_avg": 0.4578160809087416,
    "policy_acc": 0.7006810442678774,
    "time": 51.06963515281677
  },
  "aairl_k2": {
    "seg_acc": 0.7491525423728813,
    "cos_A": 0.6329791516220249,
    "cos_B": -0.06862758085306117,
    "prior_A": 0.8623699743450253,
    "prior_B": 0.1376300256549747,
    "policy_acc_A": 0.6622363126447994,
    "policy_acc_B": 0.5155993431855501,
    "time": 141.76177406311035
  },
  "experiment": {
    "n_users": 400,
    "n_books": 3,
    "n_obs": 8810,
    "prior_A": 0.55,
    "true_A": [
      -0.2,
      2.5,
      1.2,
      -0.4,
      0.8,
      0.6
    ],
    "true_B": [
      -1.8,
      0.4,
      0.3,
      -0.1,
      0.1,
      0.2
    ]
  }
}