{
  "nfxp": {
    "params": [
      3.051681566854017,
      0.029562696688000323,
      -0.010852657338411868
    ],
    "ll": -9684.998559832955,
    "time": 7.598519802093506
  },
  "nnes": {
    "params": [
      3.525001049041748,
      16.876876831054688,
      -0.19716662168502808
    ],
    "ll": -9860.26484226646,
    "time": 24.644939661026
  },
  "sees_k8": {
    "params": [
      3.075955390930176,
      0.09437724947929382,
      -0.040849778801202774
    ],
    "ll": -9684.3212890625,
    "time": 2.373194932937622
  },
  "basis_sweep": {
    "4": {
      "params": [
        3.030609130859375,
        0.08918624371290207,
        -0.034742940217256546
      ],
      "ll": -9685.3115234375,
      "time": 1.5528168678283691,
      "rmse_vs_nfxp": 0.03902888048018702
    },
    "6": {
      "params": [
        3.080368995666504,
        0.09454630315303802,
        -0.04063701257109642
      ],
      "ll": -9684.3798828125,
      "time": 1.6525259017944336,
      "rmse_vs_nfxp": 0.04447076004785294
    },
    "8": {
      "params": [
        3.075955390930176,
        0.09437724947929382,
        -0.040849778801202774
      ],
      "ll": -9684.3212890625,
      "time": 1.3267300128936768,
      "rmse_vs_nfxp": 0.04355062986482558
    },
    "12": {
      "params": [
        3.073047399520874,
        0.0927901566028595,
        -0.039650194346904755
      ],
      "ll": -9684.0234375,
      "time": 1.95654296875,
      "rmse_vs_nfxp": 0.04196629056194499
    },
    "16": {
      "params": [
        3.074516534805298,
        0.09397432208061218,
        -0.04053127393126488
      ],
      "ll": -9683.951171875,
      "time": 2.238013982772827,
      "rmse_vs_nfxp": 0.04301594095960146
    },
    "20": {
      "params": [
        3.0714237689971924,
        0.08991951495409012,
        -0.03869502618908882
      ],
      "ll": -9683.439453125,
      "time": 2.4906787872314453,
      "rmse_vs_nfxp": 0.04003289297517288
    }
  }
}