{
  "deep": {
    "time": 15.063477039337158,
    "policy_acc": 39.0625,
    "n_epochs": 151,
    "projection_r2": -0.0025857882597362103
  },
  "mce": {
    "ll": -15411.96179976561,
    "time": 4.972244024276733,
    "policy_acc": 84.375
  },
  "bc": {
    "ll": -14732.9599609375,
    "time": 0.2855648994445801,
    "policy_acc": 78.125
  }
}