{
  "true_params": [
    -0.03999999910593033,
    1.0,
    -1.0
  ],
  "parameter_names": [
    "step_penalty",
    "goal_reward",
    "hole_penalty"
  ],
  "results_by_n": {
    "10": {
      "n_obs": 500,
      "mce": {
        "params": [
          -0.24361678957939148,
          1.3168272972106934,
          -1.0603886842727661
        ],
        "se": [
          0.23728927908089906,
          0.3515606308599127,
          0.12377209579437387
        ],
        "time": 546.1544799804688
      },
      "birl": {
        "params": [
          -0.09675928397710869,
          1.3889943846972839,
          -0.9381492729024224
        ],
        "posterior_sd": [
          0.8869397614694471,
          0.8251790935213238,
          0.7964023370638557
        ],
        "time": 155.07695198059082,
        "acceptance_rate": NaN
      }
    },
    "50": {
      "n_obs": 2500,
      "mce": {
        "params": [
          0.0962291806936264,
          0.8236342072486877,
          -0.9249280095100403
        ],
        "se": [
          0.09781854159931437,
          0.13935230372567292,
          0.043107214710910995
        ],
        "time": 692.7086572647095
      },
      "birl": {
        "params": [
          -0.12269566145829822,
          0.5922554064345309,
          -1.1375602272283314
        ],
        "posterior_sd": [
          0.6224414006104674,
          0.5831514803682836,
          0.5853883537659403
        ],
        "time": 184.3533217906952,
        "acceptance_rate": NaN
      }
    },
    "200": {
      "n_obs": 10000,
      "mce": {
        "params": [
          -0.021675357595086098,
          1.0070555210113525,
          -0.984239399433136
        ],
        "se": [
          0.04875925044516372,
          0.07335327239581374,
          0.024802270255529026
        ],
        "time": 910.9640467166901
      },
      "birl": {
        "params": [
          0.2743548359640725,
          1.2722072347393143,
          -0.7057079989602192
        ],
        "posterior_sd": [
          0.46087677929219584,
          0.4299539772705749,
          0.434167500370322
        ],
        "time": 501.8865909576416,
        "acceptance_rate": NaN
      }
    }
  }
}