{
  "nfxp_2k": {
    "params": {
      "theta_c": 0.0015715956687927246,
      "RC": 8.312749862670898
    },
    "ll": -1422.732666015625,
    "time": 18.9
  },
  "counterfactual": {
    "0": {
      "baseline": 0.00024530821247026324,
      "rc_half": 0.015422654338181019,
      "rc_double": 6.020563603215123e-08
    },
    "10": {
      "baseline": 0.0006340562831610441,
      "rc_half": 0.023259587585926056,
      "rc_double": 1.6506693611972878e-07
    },
    "20": {
      "baseline": 0.0014147183392196894,
      "rc_half": 0.03248320892453194,
      "rc_double": 3.9119780126384285e-07
    },
    "30": {
      "baseline": 0.002652983646839857,
      "rc_half": 0.04262009263038635,
      "rc_double": 7.717318908362358e-07
    },
    "40": {
      "baseline": 0.004036275204271078,
      "rc_half": 0.05265796557068825,
      "rc_double": 1.208515300277213e-06
    },
    "49": {
      "baseline": 0.00469600223004818,
      "rc_half": 0.058294977992773056,
      "rc_double": 1.41433429234894e-06
    }
  },
  "welfare": {
    "rc_half": 4.965365409851074,
    "rc_double": -0.3943004608154297
  },
  "welfare_elasticity": -5.314472198486328,
  "gladius": {
    "params": {
      "theta_c": -0.003443679306656122,
      "RC": 0.0
    },
    "se": {
      "theta_c": 3.668948193080723e-05,
      "RC": 0.022167395800352097
    },
    "r2": -0.01724874973297119,
    "time": 21.2
  }
}