Method,Reward MSE,Type I CCP Err,Type II CCP Err (k=3)
Oracle,0.0,1.390775050680304e-08,0.0
Reduced-Form Q,,0.08291810005903244,0.08859405666589737
AIRL + Anchors,33.174564361572266,0.35509318113327026,0.34671369194984436
AIRL No Anchors,33.174564361572266,0.3212413787841797,0.37046605348587036
IQ-Learn,17.857656478881836,0.101445272564888,0.10442773252725601
