{
  "bc": {
    "ll": -4249.412109375,
    "policy_acc": 0.9888888888888889,
    "time": 0.42255592346191406
  },
  "nfxp": {
    "oc": 0.0012306901394372916,
    "rc": 3.0114754528877237,
    "ll": -4263.201657009553,
    "time": 3.8665308952331543,
    "cosine": 0.9999999971624326,
    "se_oc": 0.00030908038024790585,
    "se_rc": 0.051597148180007935
  },
  "npl": {
    "1": {
      "oc": -0.0008295703446492553,
      "rc": 2.8567922115325928,
      "ll": -4285.251999964429,
      "time": 1.5249409675598145,
      "cosine": 0.9999997641926429,
      "se_oc": null,
      "se_rc": null,
      "ll_gap": 22.050342954876214
    },
    "2": {
      "oc": 0.0008635194390080869,
      "rc": 2.9872071743011475,
      "ll": -4266.274261310081,
      "time": 1.2200169563293457,
      "cosine": 0.999999960988741,
      "se_oc": null,
      "se_rc": null,
      "ll_gap": 3.072604300527928
    },
    "3": {
      "oc": 0.0010733279632404447,
      "rc": 3.0007803440093994,
      "ll": -4263.362734957585,
      "time": 1.782240867614746,
      "cosine": 0.9999999842199004,
      "se_oc": null,
      "se_rc": null,
      "ll_gap": 0.16107794803247089
    },
    "5": {
      "oc": 0.001224796287715435,
      "rc": 3.0100760459899902,
      "ll": -4263.2020105129095,
      "time": 7.523465871810913,
      "cosine": 1.000000000870541,
      "se_oc": 0.0003051223048571021,
      "se_rc": 0.05129295381317529,
      "ll_gap": 0.0003535033565640333
    },
    "10": {
      "oc": 0.0012306896969676018,
      "rc": 3.0114755630493164,
      "ll": -4263.201656346068,
      "time": 9.010134935379028,
      "cosine": 1.0000000014966461,
      "se_oc": 0.0003070415618197805,
      "se_rc": 0.05141769254978254,
      "ll_gap": 6.634845703956671e-07
    }
  },
  "init_robustness": {
    "default": {
      "init_oc": 0.01,
      "init_rc": 5.0,
      "nfxp_oc": 0.001230690562603646,
      "nfxp_rc": 3.0114754500690184,
      "nfxp_ll": -4263.201657009562,
      "nfxp_nit": 12,
      "nfxp_converged": true,
      "nfxp_time": 4.350818157196045,
      "ccp_oc": 0.0012247953563928604,
      "ccp_rc": 3.010075807571411,
      "ccp_ll": -4263.202010650378,
      "ccp_nit": 5,
      "ccp_time": 2.981125831604004
    },
    "near truth": {
      "init_oc": 0.001,
      "init_rc": 3.0,
      "nfxp_oc": 0.001230690134765095,
      "nfxp_rc": 3.0114754407320925,
      "nfxp_ll": -4263.201657009556,
      "nfxp_nit": 12,
      "nfxp_converged": true,
      "nfxp_time": 5.43198299407959,
      "ccp_oc": 0.001224796287715435,
      "ccp_rc": 3.0100760459899902,
      "ccp_ll": -4263.202010511527,
      "ccp_nit": 5,
      "ccp_time": 3.252106189727783
    },
    "bad (tiny RC)": {
      "init_oc": 1.0,
      "init_rc": 0.1,
      "nfxp_oc": 0.0012306907813149294,
      "nfxp_rc": 3.0114755121628902,
      "nfxp_ll": -4263.20165700956,
      "nfxp_nit": 31,
      "nfxp_converged": true,
      "nfxp_time": 3.4014639854431152,
      "ccp_oc": 0.0012247953563928604,
      "ccp_rc": 3.010075807571411,
      "ccp_ll": -4263.202010677353,
      "ccp_nit": 5,
      "ccp_time": 3.2629880905151367
    },
    "bad (huge RC)": {
      "init_oc": 0.0001,
      "init_rc": 50.0,
      "nfxp_oc": 0.0012306899792726628,
      "nfxp_rc": 3.011475309746394,
      "nfxp_ll": -4263.201657009574,
      "nfxp_nit": 55,
      "nfxp_converged": true,
      "nfxp_time": 5.52339506149292,
      "ccp_oc": 0.001224796287715435,
      "ccp_rc": 3.0100760459899902,
      "ccp_ll": -4263.202010513197,
      "ccp_nit": 5,
      "ccp_time": 3.3777198791503906
    },
    "bad (near 0)": {
      "init_oc": 1e-05,
      "init_rc": 1e-05,
      "nfxp_oc": 0.0012306907344831629,
      "nfxp_rc": 3.0114754657444935,
      "nfxp_ll": -4263.201657009565,
      "nfxp_nit": 12,
      "nfxp_converged": true,
      "nfxp_time": 3.5783469676971436,
      "ccp_oc": 0.001224796287715435,
      "ccp_rc": 3.0100760459899902,
      "ccp_ll": -4263.202010512848,
      "ccp_nit": 5,
      "ccp_time": 3.489586114883423
    }
  }
}