{
  "bc": {
    "ll": -4249.412109375,
    "policy_acc": 0.9888888888888889,
    "time": 0.5371801853179932
  },
  "nfxp": {
    "oc": 0.0012306901394372916,
    "rc": 3.0114754528877237,
    "ll": -4263.201657009553,
    "time": 3.902898073196411,
    "cosine": 0.9999999971624326,
    "se_oc": 0.00030908038024790585,
    "se_rc": 0.051597148180007935
  },
  "npl": {
    "1": {
      "oc": -0.0008295760490000248,
      "rc": 2.8567917346954346,
      "ll": -4285.251999964654,
      "time": 6.807521104812622,
      "cosine": 0.9999998476486865,
      "se_oc": null,
      "se_rc": null,
      "ll_gap": 22.05034295510086
    },
    "2": {
      "oc": 0.0008635133854113519,
      "rc": 2.98720645904541,
      "ll": -4266.274248964747,
      "time": 5.0666890144348145,
      "cosine": 0.9999999609880694,
      "se_oc": null,
      "se_rc": null,
      "ll_gap": 3.0725919551941843
    },
    "3": {
      "oc": 0.001073322957381606,
      "rc": 3.000779628753662,
      "ll": -4263.362733695525,
      "time": 7.258165121078491,
      "cosine": 0.9999999842193539,
      "se_oc": null,
      "se_rc": null,
      "ll_gap": 0.16107668597214797
    },
    "5": {
      "oc": 0.0012247548438608646,
      "rc": 3.0100677013397217,
      "ll": -4263.20201485983,
      "time": 14.936094760894775,
      "cosine": 1.0000000008661079,
      "se_oc": 0.0003051147464333409,
      "se_rc": 0.05129079018444694,
      "ll_gap": 0.00035785027739621
    },
    "10": {
      "oc": 0.00123093172442168,
      "rc": 3.0115344524383545,
      "ll": -4263.2016570240985,
      "time": 17.90642476081848,
      "cosine": 1.0000000015223194,
      "se_oc": 0.0003071137327679135,
      "se_rc": 0.05142359994646464,
      "ll_gap": 1.4545548765454441e-08
    }
  }
}