{
  "parameters": {
    "NFXP": {
      "holding_cost": 0.8832720340992791,
      "stockout_penalty": -1.448667196045299,
      "net_promotion_effect": -0.6028492406324649
    },
    "CCP": {
      "holding_cost": 0.8947589993476868,
      "stockout_penalty": -1.4416979551315308,
      "net_promotion_effect": -0.6041499972343445
    },
    "MCE-IRL": {
      "holding_cost": 0.8832744359970093,
      "stockout_penalty": -1.4487067461013794,
      "net_promotion_effect": -0.6028649806976318
    }
  },
  "standard_errors": {
    "NFXP": {
      "holding_cost": 0.05707145854830742,
      "stockout_penalty": 0.07262030988931656,
      "net_promotion_effect": 0.025761032477021217
    },
    "CCP": {
      "holding_cost": 0.0006035089417501169,
      "stockout_penalty": 0.06859494873668809,
      "net_promotion_effect": 0.0018284499609981357
    },
    "MCE-IRL": {
      "holding_cost": 0.0922869526437086,
      "stockout_penalty": 0.1468831494209791,
      "net_promotion_effect": 0.05721695831758241
    }
  },
  "log_likelihoods": {
    "NFXP": -14032.90669575153,
    "CCP": -14032.935546875,
    "MCE-IRL": -14032.906681975863
  },
  "counterfactual": {
    "welfare_change": 0.40719760013248385
  },
  "elasticity": {
    "pct_changes": [
      -0.5,
      -0.25,
      0.25,
      0.5,
      1.0
    ],
    "welfare_changes": [
      0.40719760013248385,
      0.16340256657353047,
      -0.11080138585059807,
      -0.18654282628921415,
      -0.274536159659327
    ],
    "policy_changes": [
      0.01240424587191868,
      0.005122644187667204,
      0.0035914025557974567,
      0.00610361929428976,
      0.009082600480898383
    ]
  }
}