{
  "maxent": {
    "ll": -3965.246078662042,
    "time": 13.27484393119812,
    "cosine": 0.6591234803199768,
    "policy_acc": 95.99999785423279
  },
  "mce": {
    "ll": -3965.095796436253,
    "time": 3.2300970554351807,
    "cosine": 0.6817840933799744,
    "policy_acc": 95.99999785423279
  },
  "bc": {
    "ll": -3950.154052734375,
    "time": 0.26926112174987793,
    "policy_acc": 75.99999904632568
  }
}