{
  "nfxp": {
    "theta_c": 0.0014679022694649973,
    "RC": 3.07312056433893,
    "se_theta_c": 0.0003124905051663518,
    "se_RC": 0.05304397642612457,
    "ll": -4193.142383327557,
    "time": 11.567529916763306
  },
  "nnes": {
    "theta_c": 0.022693220525979996,
    "RC": 3.0487756729125977,
    "se_theta_c": 0.0036449224919047766,
    "se_RC": 0.047276938585531184,
    "ll": -4193.319441591241,
    "time": 20.65495204925537
  }
}