{
  "nfxp": {
    "theta_c": 0.0014679,
    "RC": 3.073121,
    "se_theta_c": 0.00031249,
    "se_RC": 0.053044,
    "ll": -4193.14,
    "time_s": 11.76
  },
  "sees": {
    "theta_c": 0.00170408,
    "RC": 3.022513,
    "se_theta_c": 0.00070904,
    "se_RC": 0.090575,
    "ll": -4192.68,
    "time_s": 2.77,
    "bellman_violation": 0.063887,
    "basis_type": "fourier",
    "basis_dim": 8
  },
  "relative_error_pct": {
    "theta_c": 70.41,
    "RC": 0.75
  },
  "dgp": {
    "true_theta_c": 0.001,
    "true_RC": 3.0,
    "n_states": 90,
    "discount": 0.9999,
    "n_buses": 200,
    "n_periods": 100,
    "n_obs": 20000
  }
}