{
  "nfxp": {
    "params": [
      2.9293510388997652,
      -0.04807228102843087,
      0.023761128502625392
    ],
    "se": [
      0.11043063551187515,
      0.04733192175626755,
      0.020789576694369316
    ],
    "ll": -1948.6660459205198,
    "time": 12.36091923713684
  },
  "sees": {
    "params": [
      2.956345319747925,
      -0.0227949321269989,
      0.012592814862728119
    ],
    "se": [
      0.10492087068296475,
      0.08028268684181859,
      0.04073711529654638
    ],
    "ll": -1948.5740966796875,
    "time": 3.574326992034912
  }
}