{
  "n_states": 90,
  "beta": 0.9999,
  "n_obs": 50000,
  "sa_budget": 500,
  "sa_iterations_needed": 230258,
  "nfxp_value": {
    "oc": 0.001232679109453734,
    "rc": 3.029498886886251,
    "ll": -10556.070742789618,
    "time_s": 4.113422632217407,
    "converged": true
  },
  "mpec": {
    "oc": 0.0012326795840635896,
    "rc": 3.029498815536499,
    "ll": -10556.070742711065,
    "time_s": 0.6230330467224121,
    "converged": true,
    "constraint_violation": 1.9065282685915008e-10
  },
  "nfxp_nk": {
    "oc": 0.001232679031067928,
    "rc": 3.0294988694585236,
    "ll": -10556.070742710684,
    "time_s": 7.379932165145874,
    "converged": true
  },
  "bc": {
    "ll": -10537.2529296875,
    "policy_acc": 0.9777777777777777
  }
}