{
  "true": {
    "operating_cost": 0.01,
    "replacement_cost": 3.0
  },
  "nfxp": {
    "params": [
      0.009503881224853367,
      2.9825240472350694
    ],
    "se": [
      0.0005637411959469318,
      0.032493941485881805
    ],
    "time": 15.735038042068481,
    "max_policy_diff": 0.018132034904725203
  },
  "gladius": {
    "params": [
      0.03343520216193262,
      2.74327710592116
    ],
    "time": 210.7386908531189,
    "max_policy_diff": 0.21371631684078862
  }
}