{
  "true": {
    "operating_cost": 0.01,
    "replacement_cost": 3.0
  },
  "n_bins": 90,
  "results_by_beta": {
    "0.9": {
      "nfxp_time": 2.442518949508667,
      "nfxp_inner_iters": 0,
      "nfxp_ll": -12446.40303806885,
      "nfxp_params": [
        0.009400331415235996,
        2.9863498210906982
      ],
      "mpec_time": 14.573915004730225,
      "mpec_ll": -12446.477840716634,
      "mpec_constraint_violation": 6.259033535904734e-08,
      "mpec_params": [
        0.009178494103252888,
        2.9751198291778564
      ],
      "max_param_diff": 0.011229991912841797,
      "ll_diff": 0.07480264778496348,
      "speedup": 0.16759525142804138
    },
    "0.99": {
      "nfxp_time": 1.4377610683441162,
      "nfxp_inner_iters": 0,
      "nfxp_ll": -13647.739366891783,
      "nfxp_params": [
        0.009401677176356316,
        2.972632646560669
      ],
      "mpec_time": 19.79032301902771,
      "mpec_ll": -13648.468931269606,
      "mpec_constraint_violation": 7.314998362595304e-08,
      "mpec_params": [
        0.008807046338915825,
        2.9349730014801025
      ],
      "max_param_diff": 0.037659645080566406,
      "ll_diff": 0.729564377823408,
      "speedup": 0.07264970192562085
    },
    "0.999": {
      "nfxp_time": 3.341275930404663,
      "nfxp_inner_iters": 0,
      "nfxp_ll": -13788.671598527155,
      "nfxp_params": [
        0.009348226711153984,
        2.9695940017700195
      ],
      "mpec_time": 15.162706136703491,
      "mpec_ll": -13789.322013721889,
      "mpec_constraint_violation": 7.289058068238319e-08,
      "mpec_params": [
        0.00879773497581482,
        2.9335849285125732
      ],
      "max_param_diff": 0.03600907325744629,
      "ll_diff": 0.6504151947337959,
      "speedup": 0.22036145133200388
    },
    "0.9999": {
      "nfxp_time": 19.52980899810791,
      "nfxp_inner_iters": 0,
      "nfxp_ll": -13801.559945370525,
      "nfxp_params": [
        0.009281555190682411,
        2.967125415802002
      ],
      "mpec_time": 26.04271388053894,
      "mpec_ll": -13803.007226175541,
      "mpec_constraint_violation": 8.20212093799455e-08,
      "mpec_params": [
        0.008469054475426674,
        2.9135403633117676
      ],
      "max_param_diff": 0.053585052490234375,
      "ll_diff": 1.4472808050159074,
      "speedup": 0.7499145092056647
    }
  }
}