{
  "true": {
    "operating_cost": 0.001,
    "replacement_cost": 3.0
  },
  "fine": {
    "NFXP": {
      "params": [
        0.0010441284655418471,
        3.0078580173317926
      ],
      "se": [
        0.00025278053362853825,
        0.0312202125787735
      ]
    },
    "TD-CCP": {
      "params": [
        0.0008199459244008911,
        2.9566198609415126
      ],
      "se": [
        0.00026552325674352383,
        0.015883838816641536
      ]
    }
  },
  "coarse": {
    "NFXP": {
      "params": [
        0.00752437378281736,
        2.984254353152787
      ],
      "se": [
        0.00186694145668298,
        0.02690974436700344
      ]
    },
    "TD-CCP": {
      "params": [
        0.013580463509608457,
        2.9978697790742377
      ],
      "se": [
        0.0012185746821587308,
        0.013469419621258567
      ]
    }
  }
}