{
  "nfxp": {
    "params": [
      0.0016034322662782658,
      3.077790737131485
    ],
    "se": [
      0.00033701001666486263,
      0.05266072601079941
    ],
    "ll": -4167.749954696439,
    "time": 4.373318910598755
  },
  "nnes": {
    "params": [
      0.5196186304092407,
      3.0582809448242188
    ],
    "se": [
      0.0036477392455903524,
      0.04757855736905019
    ],
    "ll": -4167.783712353137,
    "time": 31.634248971939087
  }
}