{
  "bc": {
    "ll": -3849.177490234375,
    "acc": 0.9975,
    "time": 0.4105191230773926
  },
  "nfxp": {
    "params": [
      2.979313649435627,
      -0.01509725440861901,
      0.007744673309407061
    ],
    "se": [
      0.09450019896030426,
      0.04519083350896835,
      0.01837959885597229
    ],
    "ll": -3904.8989699324848,
    "time": 179.7230372428894
  },
  "nnes": {
    "params": [
      2.977658987045288,
      -0.012096819467842579,
      0.04154973477125168
    ],
    "se": [
      0.08205488463204418,
      0.2133411787191673,
      0.10387818877595754
    ],
    "ll": -3904.793863255393,
    "time": 29.34408402442932
  }
}