{
  "nfxp": {
    "params": [
      2.9014726728098266,
      -0.06470490552799393,
      0.028273053801729026
    ],
    "se": [
      0.12983235716819763,
      0.0645521804690361,
      0.026496412232518196
    ],
    "ll": -1951.9487290010836,
    "time": 9.370800018310547
  },
  "nnes": {
    "params": [
      -243.19677734375,
      -2828.405029296875,
      1387.8509521484375
    ],
    "se": [
      18.256217082670958,
      1.8082423823682652e-07,
      5.242880000000054
    ],
    "ll": -365573.73027859954,
    "time": 19.56850814819336
  }
}