{
  "max_margin": {
    "params": [
      -0.7010561227798462,
      0.654017984867096,
      0.28421974182128906
    ],
    "cosine": 0.6638043421592171,
    "policy_acc": 1.0,
    "time": 1.4626967906951904
  },
  "mce_irl": {
    "params": [
      -11399.0498046875,
      11514.1923828125,
      5747.6318359375
    ],
    "cosine": 0.6796637968793746,
    "policy_acc": 1.0,
    "time": 111.98753690719604
  }
}