{
  "meta": {
    "K": 3,
    "M": 20,
    "n_states": 8000,
    "beta": 0.95,
    "n_obs_total": 50000,
    "n_obs_train": 40000,
    "n_obs_test": 10000,
    "mean_replace_rate": 0.6099110639047217,
    "oracle_test_ll": -0.40998816731120563
  },
  "bc": {
    "train_ll": -0.3952612578868866,
    "test_ll": -0.415516197681427,
    "acc": 0.830299973487854,
    "time": 0.4943118095397949,
    "timeout": false
  },
  "nfxp": {
    "rc": null,
    "train_ll": null,
    "test_ll": null,
    "acc": null,
    "time": 120.32425880432129,
    "timeout": true
  },
  "gladius": {
    "train_ll": -0.40583035595484507,
    "test_ll": -0.41072867920134387,
    "acc": 0.8367999792098999,
    "time": 44.31163001060486,
    "timeout": false,
    "rc": 3.3875167553855783,
    "params": [
      3.3875167553855783,
      2.0836584634130255,
      -0.01218189352333068
    ]
  }
}