{
  "n_states": 400,
  "true_params": [
    3.0,
    0.0010000000474974513,
    0.0005000000237487257
  ],
  "nfxp": {
    "rc": 3.051681566854017,
    "oc": 0.029562696688000323,
    "ll": -9684.998559832955,
    "time": 11.834707975387573
  },
  "gladius": {
    "rc": 2.8698505107035053,
    "oc": -1.6156005206585609,
    "ll": -9666.694465903756,
    "time": 90.86565494537354
  }
}