{
  "nfxp": {
    "params": [
      2.927443051441846,
      -0.04772711635020649,
      0.022977878399323394
    ],
    "se": [
      0.1115158200263977,
      0.0460265576839447,
      0.0199429988861084
    ],
    "ll": -1948.664474929009,
    "time": 397.19419503211975
  },
  "sees": {
    "params": [
      3.034508466720581,
      0.09250561147928238,
      -0.03897688910365105
    ],
    "se": [
      0.09457512102266147,
      0.030639384230062426,
      0.02384810330082183
    ],
    "ll": -1949.023193359375,
    "time": 2.4795148372650146
  }
}