{
  "nfxp": {
    "theta_c": 0.0014678956297024654,
    "RC": 3.0731199605162445,
    "se_theta_c": 0.00031249370658770204,
    "se_RC": 0.05304417386651039,
    "ll": -4193.14237412596,
    "time": 23.24264693260193
  },
  "sees": {
    "theta_c": 0.000400110351620242,
    "RC": 3.0435690879821777,
    "se_theta_c": NaN,
    "se_RC": NaN,
    "ll": -4193.029296875,
    "time": 2.599177122116089,
    "bellman_violation": 0.0737493634223938
  }
}