{
  "true_theta": [
    0.304717093706131,
    -1.039984107017517,
    0.7504512071609497,
    0.9405646920204163,
    -1.9510351419448853,
    -1.3021794557571411,
    0.12784039974212646,
    -0.31624260544776917,
    -0.01680115796625614,
    -0.8530439138412476,
    0.879397988319397,
    0.7777919173240662,
    0.06603069603443146,
    1.1272412538528442,
    0.46750932931900024,
    -0.8592924475669861
  ],
  "basis_centers": [
    [
      9.5,
      9.5
    ],
    [
      9.5,
      19.5
    ],
    [
      9.5,
      29.5
    ],
    [
      9.5,
      39.5
    ],
    [
      19.5,
      9.5
    ],
    [
      19.5,
      19.5
    ],
    [
      19.5,
      29.5
    ],
    [
      19.5,
      39.5
    ],
    [
      29.5,
      9.5
    ],
    [
      29.5,
      19.5
    ],
    [
      29.5,
      29.5
    ],
    [
      29.5,
      39.5
    ],
    [
      39.5,
      9.5
    ],
    [
      39.5,
      19.5
    ],
    [
      39.5,
      29.5
    ],
    [
      39.5,
      39.5
    ]
  ],
  "basis_bandwidth": 6.25,
  "n_basis": 16,
  "grid_size": 50,
  "n_actions": 8,
  "n_states": 2500,
  "slip_prob": 0.1,
  "discount_factor": 0.99,
  "scale_parameter": 1.0,
  "n_trajectories": 50000,
  "trajectory_length": 30,
  "seed": 42
}