{
  "mce": {
    "ll": -3965.095796436253,
    "time": 4.041343927383423,
    "cosine": 0.6817840933799744,
    "policy_acc": 95.99999785423279
  },
  "nfxp": {
    "ll": -3965.095796436275,
    "time": 1.5361621379852295,
    "cosine": 0.12030322663208512,
    "policy_acc": 95.99999785423279
  },
  "bc": {
    "ll": -3950.154052734375,
    "time": 0.28174591064453125,
    "policy_acc": 75.99999904632568
  }
}