{
  "bc": {
    "acc": 0.97,
    "time": 0.5794582366943359
  },
  "ccp": {
    "5": {
      "theta_v": 4.666993618011475,
      "theta_fc": -0.963056206703186,
      "rmse": 0.23691569630170708,
      "acc": 0.99,
      "time": 5.531450271606445
    },
    "100": {
      "theta_v": 4.289330005645752,
      "theta_fc": -0.7247629761695862,
      "rmse": 0.5388911115255524,
      "acc": 0.97,
      "time": 4.33027982711792
    }
  },
  "tdccp": {
    "theta_v": 4.965275887310002,
    "theta_fc": -0.9300927562497213,
    "se_theta_v": 0.05399878717072391,
    "se_theta_fc": 0.023258968532488152,
    "rmse": 0.05519414249206426,
    "acc": 0.99,
    "time": 2.216290235519409
  },
  "mc": {
    "cov_v": 0.5333333333333333,
    "cov_fc": 0.5333333333333333,
    "bias_v": 0.022352062785356796,
    "bias_fc": 0.0020098086311821453,
    "rmse_v": 0.12970583909845565,
    "rmse_fc": 0.055032850239832495,
    "mean_se_v": 0.05538727222522983,
    "mean_se_fc": 0.023853100699160523,
    "n_reps": 30,
    "n_obs": 15000,
    "n_fine": 100
  }
}