{
  "bc": {
    "acc": 0.97,
    "time": 0.5877752304077148
  },
  "ccp": {
    "5": {
      "theta_v": 4.666993618011475,
      "theta_fc": -0.963056206703186,
      "rmse": 0.23691569630170708,
      "acc": 0.99,
      "time": 5.3714919090271
    },
    "100": {
      "theta_v": 4.289330005645752,
      "theta_fc": -0.7247629761695862,
      "rmse": 0.5388911115255524,
      "acc": 0.97,
      "time": 4.163370847702026
    }
  },
  "tdccp": {
    "theta_v": 4.965275887310002,
    "theta_fc": -0.9300927562497213,
    "se_theta_v": 0.054084834546132214,
    "se_theta_fc": 0.023090491817530312,
    "rmse": 0.05519414249206426,
    "acc": 0.99,
    "time": 2.351058006286621
  },
  "mc": {
    "cov_v": 0.5,
    "cov_fc": 0.5333333333333333,
    "bias_v": 0.022352062785356796,
    "bias_fc": 0.0020098086311821453,
    "rmse_v": 0.12970583909845565,
    "rmse_fc": 0.055032850239832495,
    "mean_se_v": 0.05479360843074966,
    "mean_se_fc": 0.02360535176769584,
    "n_reps": 30,
    "n_obs": 15000,
    "n_fine": 100
  }
}