{
  "bc": {
    "acc": 0.97,
    "time": 0.48703503608703613
  },
  "ccp": {
    "5": {
      "theta_v": 4.669504642486572,
      "theta_fc": -0.963453471660614,
      "rmse": 0.23512000135206484,
      "acc": 0.99,
      "time": 9.318288803100586
    },
    "20": {
      "theta_v": 4.402797222137451,
      "theta_fc": -0.7908814549446106,
      "rmse": 0.4474269346903625,
      "acc": 0.98,
      "time": 5.986978054046631
    }
  },
  "tdccp": {
    "theta_v": 4.965275887310002,
    "theta_fc": -0.9300927562497213,
    "se_theta_v": 0.054084834546132214,
    "se_theta_fc": 0.023090491817530312,
    "rmse": 0.05519414249206426,
    "acc": 0.99,
    "time": 2.232694149017334
  }
}