{
  "nfxp": {
    "oc": 0.00123069022442418,
    "rc": 3.0114754758652698,
    "ll": -4263.201656970806,
    "time": 2.202960729598999,
    "cosine": 0.9999999971624308,
    "se_oc": 0.0003090803511440754,
    "se_rc": 0.051597144454717636
  },
  "ccp": {
    "oc": 0.0012308876030147076,
    "rc": 3.011523962020874,
    "ll": -4263.201656803426,
    "time": 34.21953988075256,
    "cosine": 1.0000000015176347,
    "se_oc": 0.000307098698782531,
    "se_rc": 0.05142244299137633
  },
  "hm": {
    "oc": -0.0008295760490000248,
    "rc": 2.8567914962768555,
    "ll": -4285.251999964648,
    "time": 9.39277720451355,
    "cosine": 0.9999997641919323
  }
}