{
  "parameters": {
    "NFXP": {
      "weekend_effect": -1.1094326972961426,
      "habit_strength": 5.129335880279541,
      "ride_cost": -3.7039923667907715
    },
    "CCP": {
      "weekend_effect": -1.1189558506011963,
      "habit_strength": 5.145341873168945,
      "ride_cost": -3.716216802597046
    },
    "MCE-IRL": {
      "weekend_effect": -1.1096311807632446,
      "habit_strength": 5.1297125816345215,
      "ride_cost": -3.704392910003662
    }
  },
  "standard_errors": {
    "NFXP": {
      "weekend_effect": 0.08122220635414124,
      "habit_strength": 0.10126201063394547,
      "ride_cost": 0.1196535974740982
    },
    "CCP": {
      "weekend_effect": 6.2204740061133634e-06,
      "habit_strength": 2.2607466235058382e-05,
      "ride_cost": 1.9743914890568703e-05
    },
    "MCE-IRL": {
      "weekend_effect": 0.10205789655447006,
      "habit_strength": 0.3911137878894806,
      "ride_cost": 0.37630364298820496
    }
  },
  "log_likelihoods": {
    "NFXP": -2817.638916015625,
    "CCP": -2817.65234375,
    "MCE-IRL": -2817.64013671875
  },
  "true_parameters": {
    "weekend_effect": -0.3,
    "habit_strength": 0.8,
    "ride_cost": -0.5
  },
  "counterfactual": {
    "welfare_change": 72.6165771484375
  },
  "elasticity": {
    "pct_changes": [
      -1.0,
      -0.5,
      -0.25,
      0.25,
      0.5,
      1.0
    ],
    "welfare_changes": [
      72.6165771484375,
      35.786312103271484,
      17.634798049926758,
      -15.92186450958252,
      -18.966018676757812,
      -19.227842330932617
    ],
    "policy_changes": [
      0.1628626137971878,
      0.13458970189094543,
      0.08985476195812225,
      0.21929767727851868,
      0.686913013458252,
      0.8106439709663391
    ]
  }
}