{
  "parameters": {
    "NFXP": {
      "weekend_effect": -0.3071654736995697,
      "habit_strength": 0.8110807538032532,
      "ride_cost": -0.5072542428970337
    },
    "CCP": {
      "weekend_effect": -0.29565536975860596,
      "habit_strength": 0.6679477691650391,
      "ride_cost": -0.31588032841682434
    },
    "MCE-IRL": {
      "weekend_effect": -0.30716556310653687,
      "habit_strength": 0.8110827803611755,
      "ride_cost": -0.5072550773620605
    }
  },
  "standard_errors": {
    "NFXP": {
      "weekend_effect": 0.017053429037332535,
      "habit_strength": 0.020681770518422127,
      "ride_cost": 0.027912970632314682
    },
    "CCP": {
      "weekend_effect": 4.125108716834802e-06,
      "habit_strength": 1.3201989759181743e-06,
      "ride_cost": 7.026384309938294e-07
    },
    "MCE-IRL": {
      "weekend_effect": 0.017654845491051674,
      "habit_strength": 0.0187054630368948,
      "ride_cost": 0.023907268419861794
    }
  },
  "log_likelihoods": {
    "NFXP": -46668.42578125,
    "CCP": -46692.46875,
    "MCE-IRL": -46668.4453125
  },
  "true_parameters": {
    "weekend_effect": -0.3,
    "habit_strength": 0.8,
    "ride_cost": -0.5
  },
  "counterfactual": {
    "welfare_change": 7.018194675445557
  },
  "elasticity": {
    "pct_changes": [
      -1.0,
      -0.5,
      -0.25,
      0.25,
      0.5,
      1.0
    ],
    "welfare_changes": [
      7.018194675445557,
      3.3563411235809326,
      1.6347044706344604,
      -1.5336010456085205,
      -2.9493751525878906,
      -5.365463733673096
    ],
    "policy_changes": [
      0.12793341279029846,
      0.06876703351736069,
      0.035630740225315094,
      0.03809519484639168,
      0.07839097082614899,
      0.16267909109592438
    ]
  }
}