{
  "nfxp": {
    "params": [
      0.001230690259658907,
      3.011475487945494
    ],
    "ll": -4263.201656970805,
    "time": 12.379202127456665
  },
  "iq_learn": {
    "params": [
      0.00964258424937725,
      1.539245843887329
    ],
    "ll": -4292.48486328125,
    "time": 3.0801708698272705
  }
}