{
  "nfxp": {
    "oc": 0.001232679190461102,
    "rc": 3.0294989389348994,
    "ll": -10556.070742710688,
    "time": 2.5443618297576904,
    "se_oc": 0.00019245845032855868,
    "se_rc": 0.03285008296370506
  },
  "tdccp": {
    "oc": 0.0016783221185371943,
    "rc": 2.987126821114785,
    "ll": -10616.718234383441,
    "time": 3.9198999404907227,
    "se_oc": NaN,
    "se_rc": NaN
  }
}