{
  "mce_irl": {
    "policy_acc": 1.0,
    "time": 581.4766709804535
  },
  "deep_maxent": {
    "policy_acc": 0.765625,
    "time": 54.174241065979004
  }
}