{
  "mce_irl": {
    "params": [
      0.9893025159835815,
      1.051527500152588
    ],
    "policy_acc": 1.0,
    "time": 415.65921902656555
  },
  "f_irl_kl": {
    "policy_acc": 0.796875,
    "time": 22.421077013015747
  },
  "f_irl_chi2": {
    "policy_acc": 0.890625,
    "time": 23.764482736587524
  }
}