{
  "mce_irl": {
    "policy_acc": 1.0,
    "time": 101.78135108947754
  },
  "gcl": {
    "policy_acc": 0.84,
    "time": 112.11889982223511
  }
}