{
  "baseline": {
    "spec": "baseline",
    "config": {
      "discount_factor": 0.95,
      "max_users": 20000,
      "seed": 42,
      "n_actions": 2,
      "interactions": false
    },
    "n_users": 19846,
    "n_obs": 249233,
    "log_likelihood": -30658.87758499167,
    "elapsed_s": 600.7,
    "parameters": {
      "theta_tenure": 0.026244396343827248,
      "theta_price": -0.09803644567728043,
      "theta_auto_renew": -0.6795194149017334,
      "theta_discount": 0.1410118192434311,
      "constant": -10.142176628112793
    },
    "standard_errors": {
      "theta_tenure": 0.00717779937510984,
      "theta_price": 0.02483968375815026,
      "theta_auto_renew": 0.09787236416602546,
      "theta_discount": 0.01102067237829815,
      "constant": 1.0532294482953122
    },
    "param_names": [
      "theta_tenure",
      "theta_price",
      "theta_auto_renew",
      "theta_discount",
      "constant"
    ]
  },
  "beta_090": {
    "spec": "beta_090",
    "config": {
      "discount_factor": 0.9,
      "max_users": 20000,
      "seed": 42,
      "n_actions": 2,
      "interactions": false
    },
    "n_users": 19846,
    "n_obs": 249233,
    "log_likelihood": -30636.768772566473,
    "elapsed_s": 532.0,
    "parameters": {
      "theta_tenure": 0.026574602350592613,
      "theta_price": -0.11406641453504562,
      "theta_auto_renew": -1.1377536058425903,
      "theta_discount": 0.19859030842781067,
      "constant": -10.782968521118164
    },
    "standard_errors": {
      "theta_tenure": 0.00885633237636953,
      "theta_price": 0.034462162185410754,
      "theta_auto_renew": 0.18910555889834227,
      "theta_discount": 0.015422261703231667,
      "constant": 1.2809267467026553
    },
    "param_names": [
      "theta_tenure",
      "theta_price",
      "theta_auto_renew",
      "theta_discount",
      "constant"
    ]
  },
  "beta_099": {
    "spec": "beta_099",
    "config": {
      "discount_factor": 0.99,
      "max_users": 20000,
      "seed": 42,
      "n_actions": 2,
      "interactions": false
    },
    "n_users": 19846,
    "n_obs": 249233,
    "log_likelihood": -30680.51012401862,
    "elapsed_s": 555.5,
    "parameters": {
      "theta_tenure": 0.02597736194729805,
      "theta_price": -0.09409531950950623,
      "theta_auto_renew": -0.3152396082878113,
      "theta_discount": 0.09227586537599564,
      "constant": -9.4788179397583
    },
    "standard_errors": {
      "theta_tenure": 0.00581395318167013,
      "theta_price": 0.017634629642488055,
      "theta_auto_renew": 0.03519886410407343,
      "theta_discount": 0.007596956225992537,
      "constant": 0.8052509811021124
    },
    "param_names": [
      "theta_tenure",
      "theta_price",
      "theta_auto_renew",
      "theta_discount",
      "constant"
    ]
  },
  "window_5k": {
    "spec": "window_5k",
    "config": {
      "discount_factor": 0.95,
      "max_users": 5000,
      "seed": 42,
      "n_actions": 2,
      "interactions": false
    },
    "n_users": 4955,
    "n_obs": 62335,
    "log_likelihood": -7679.959424429505,
    "elapsed_s": 163.5,
    "parameters": {
      "theta_tenure": 0.015932345762848854,
      "theta_price": -0.015987975522875786,
      "theta_auto_renew": -0.5711261630058289,
      "theta_discount": 0.19698840379714966,
      "constant": -9.085603713989258
    },
    "standard_errors": {
      "theta_tenure": 0.013840055126787584,
      "theta_price": 0.049914822634782634,
      "theta_auto_renew": 0.10845387976150442,
      "theta_discount": 0.022813545539349576,
      "constant": 1.1567955403551462
    },
    "param_names": [
      "theta_tenure",
      "theta_price",
      "theta_auto_renew",
      "theta_discount",
      "constant"
    ]
  },
  "window_50k": {
    "spec": "window_50k",
    "config": {
      "discount_factor": 0.95,
      "max_users": 50000,
      "seed": 42,
      "n_actions": 2,
      "interactions": false
    },
    "n_users": 49591,
    "n_obs": 618076,
    "log_likelihood": -76056.52438745627,
    "elapsed_s": 2060.8,
    "parameters": {
      "theta_tenure": 0.024282265454530716,
      "theta_price": -0.1419222354888916,
      "theta_auto_renew": -0.7522335648536682,
      "theta_discount": 0.12105479836463928,
      "constant": -11.023930549621582
    },
    "standard_errors": {
      "theta_tenure": 0.00456079159577858,
      "theta_price": 0.017312050169822027,
      "theta_auto_renew": 0.07904079262516878,
      "theta_discount": 0.007430042281575852,
      "constant": 0.8672964015014203
    },
    "param_names": [
      "theta_tenure",
      "theta_price",
      "theta_auto_renew",
      "theta_discount",
      "constant"
    ]
  },
  "subsample_b": {
    "spec": "subsample_b",
    "config": {
      "discount_factor": 0.95,
      "max_users": 20000,
      "seed": 99,
      "n_actions": 2,
      "interactions": false
    },
    "n_users": 19827,
    "n_obs": 248057,
    "log_likelihood": -30415.0762031399,
    "elapsed_s": 670.5,
    "parameters": {
      "theta_tenure": 0.0183655247092247,
      "theta_price": -0.13752055168151855,
      "theta_auto_renew": -0.6510716080665588,
      "theta_discount": 0.119296133518219,
      "constant": -9.960822105407715
    },
    "standard_errors": {
      "theta_tenure": 0.007024200937149929,
      "theta_price": 0.02667926519003203,
      "theta_auto_renew": 0.07980525941500317,
      "theta_discount": 0.011694606096440699,
      "constant": 0.875860218695571
    },
    "param_names": [
      "theta_tenure",
      "theta_price",
      "theta_auto_renew",
      "theta_discount",
      "constant"
    ]
  },
  "subsample_c": {
    "spec": "subsample_c",
    "config": {
      "discount_factor": 0.95,
      "max_users": 20000,
      "seed": 123,
      "n_actions": 2,
      "interactions": false
    },
    "n_users": 19826,
    "n_obs": 247147,
    "log_likelihood": -31019.884253670916,
    "elapsed_s": 767.9,
    "parameters": {
      "theta_tenure": 0.012369939126074314,
      "theta_price": -0.1625201553106308,
      "theta_auto_renew": -0.8456089496612549,
      "theta_discount": 0.11201005429029465,
      "constant": -12.036211013793945
    },
    "standard_errors": {
      "theta_tenure": 0.007402204890094452,
      "theta_price": 0.03026876332480606,
      "theta_auto_renew": 0.18898895955191833,
      "theta_discount": 0.012231886560252744,
      "constant": 2.0656367702392457
    },
    "param_names": [
      "theta_tenure",
      "theta_price",
      "theta_auto_renew",
      "theta_discount",
      "constant"
    ]
  },
  "action_3": {
    "spec": "action_3",
    "config": {
      "discount_factor": 0.95,
      "max_users": 20000,
      "seed": 42,
      "n_actions": 3,
      "interactions": false
    },
    "n_users": 19846,
    "n_obs": 249233,
    "log_likelihood": -40672.877722637255,
    "elapsed_s": 754.8,
    "parameters": {
      "theta_tenure": -0.055438682436943054,
      "theta_price": 0.1911642998456955,
      "theta_auto_renew": 0.07426663488149643,
      "theta_discount": 0.19942587614059448,
      "pause_cost": -4.641141891479492,
      "cancel_cost": -3.131777286529541
    },
    "standard_errors": {
      "theta_tenure": 0.006397155834663029,
      "theta_price": 0.02392822805580242,
      "theta_auto_renew": 0.003551566824880941,
      "theta_discount": 0.01108466370014625,
      "pause_cost": 0.02777456730762826,
      "cancel_cost": 0.029832126432268475
    },
    "param_names": [
      "theta_tenure",
      "theta_price",
      "theta_auto_renew",
      "theta_discount",
      "pause_cost",
      "cancel_cost"
    ]
  },
  "interactions": {
    "spec": "interactions",
    "config": {
      "discount_factor": 0.95,
      "max_users": 20000,
      "seed": 42,
      "n_actions": 2,
      "interactions": true
    },
    "n_users": 19846,
    "n_obs": 249233,
    "log_likelihood": -30625.171366618197,
    "elapsed_s": 1522.5,
    "parameters": {
      "theta_tenure": -0.5412985682487488,
      "theta_price": -0.6063621640205383,