{
  "parameters": {
    "NFXP": {
      "profit_slope": 0.9925099611282349,
      "entry_cost": -2.0283050537109375,
      "exit_cost": -0.47812050580978394,
      "operating_cost": -0.49875393509864807
    },
    "CCP": {
      "profit_slope": 0.9963529706001282,
      "entry_cost": -1.1614866256713867,
      "exit_cost": -1.3468801975250244,
      "operating_cost": -0.5424022078514099
    },
    "MCE-IRL": {
      "profit_slope": 0.9905853867530823,
      "entry_cost": -1.2690470218658447,
      "exit_cost": -1.2422661781311035,
      "operating_cost": -0.535595715045929
    }
  },
  "standard_errors": {
    "NFXP": {
      "profit_slope": 0.010511906817555428,
      "entry_cost": 6.459778308868408,
      "exit_cost": 6.445004940032959,
      "operating_cost": 0.3227022886276245
    },
    "CCP": {
      "profit_slope": 1.3834870742357452e-06,
      "entry_cost": 2.0084196421521483e-06,
      "exit_cost": 3.292028623036458e-06,
      "operating_cost": 7.702060429437552e-07
    },
    "MCE-IRL": {
      "profit_slope": 0.010799581184983253,
      "entry_cost": 0.008151933550834656,
      "exit_cost": 0.00831488985568285,
      "operating_cost": 0.0063726999796926975
    }
  },
  "log_likelihoods": {
    "NFXP": -57662.69140625,
    "CCP": -57662.8046875,
    "MCE-IRL": -57662.69921875
  },
  "true_parameters": {
    "profit_slope": 1.0,
    "entry_cost": -2.0,
    "exit_cost": -0.5,
    "operating_cost": -0.5
  },
  "counterfactual": {
    "welfare_change": 5.147683143615723
  },
  "elasticity": {
    "pct_changes": [
      -1.0,
      -0.5,
      -0.25,
      0.25,
      0.5,
      1.0
    ],
    "welfare_changes": [
      5.147683143615723,
      2.0132129192352295,
      0.8874602317810059,
      -0.6921650171279907,
      -1.2277339696884155,
      -1.9520117044448853
    ],
    "policy_changes": [
      0.16022229194641113,
      0.06777338683605194,
      0.030788501724600792,
      0.02513739839196205,
      0.04536271095275879,
      0.07403751462697983
    ]
  }
}