{
  "parameters": {
    "NNES": {
      "distance_weight": -4.054976463317871,
      "popularity_weight": -0.019921831786632538,
      "peak_weight": 0.009999999776482582
    },
    "CCP": {
      "distance_weight": -4.04056453704834,
      "popularity_weight": 0.7110479474067688,
      "peak_weight": -0.8636280298233032
    },
    "MCE-IRL": {
      "distance_weight": -4.033852577209473,
      "popularity_weight": 4.744743264950557e-08,
      "peak_weight": 1.4729810573044233e-05
    }
  },
  "standard_errors": {
    "NNES": {
      "distance_weight": NaN,
      "popularity_weight": NaN,
      "peak_weight": NaN
    },
    "CCP": {
      "distance_weight": 4.543113618638017e-07,
      "popularity_weight": 1.0681911817300715e-06,
      "peak_weight": 2.147357236026437e-06
    },
    "MCE-IRL": {
      "distance_weight": 0.0428992323577404,
      "popularity_weight": 4.1360406612511724e-05,
      "peak_weight": 0.0003434173413552344
    }
  },
  "log_likelihoods": {
    "NNES": -105024.375,
    "CCP": -104324.8203125,
    "MCE-IRL": -104324.890625
  },
  "true_parameters": {
    "distance_weight": -1.0,
    "popularity_weight": 0.5,
    "peak_weight": 0.3
  },
  "counterfactual": {
    "welfare_change": 10.96591854095459
  },
  "elasticity": {
    "pct_changes": [
      -0.5,
      -0.25,
      0.25,
      0.5,
      1.0
    ],
    "welfare_changes": [
      10.96591854095459,
      5.0371785163879395,
      -4.267734050750732,
      -7.861659526824951,
      -13.357012748718262
    ],
    "policy_changes": [
      0.016474390402436256,
      0.007986490614712238,
      0.0073825703002512455,
      0.014037670567631721,
      0.025026239454746246
    ]
  }
}